# created on: 2021-04-20, 20:21:50
# track: berlin
# GUI mode: 2
# section_id,s_m,x_m,y_m,ax_max_mps2,ay_max_mps2
14.0000,0.0000,105.0785,141.5841,11.0451,12.0235
14.0000,2.9989,103.2031,139.2440,11.0451,12.0235
14.0000,5.9975,101.3369,136.8968,11.0451,12.0235
14.0000,8.9960,99.4794,134.5430,11.0451,12.0235
14.0000,11.9944,97.6302,132.1827,11.0451,12.0235
14.0000,14.9927,95.7889,129.8164,11.0451,12.0235
14.0000,17.9909,93.9550,127.4444,11.0451,12.0235
14.0000,20.9892,92.1281,125.0670,11.0451,12.0235
14.0000,23.9874,90.3078,122.6846,11.0451,12.0235
14.0000,26.9857,88.4937,120.2975,11.0451,12.0235
14.0000,29.9840,86.6853,117.9059,11.0451,12.0235
14.0000,32.9823,84.8821,115.5103,11.0451,12.0235
14.0000,35.9808,83.0838,113.1110,11.0451,12.0235
14.0000,38.9793,81.2899,110.7083,11.0451,12.0235
14.0000,41.9778,79.5000,108.3026,11.0451,12.0235
25.0000,44.9765,77.7136,105.8941,11.3301,12.8641
25.0000,47.9751,75.9304,103.4833,11.3301,12.8641
25.0000,50.9739,74.1498,101.0704,11.3301,12.8641
25.0000,53.9727,72.3715,98.6557,11.3301,12.8641
25.0000,56.9715,70.5951,96.2397,11.3301,12.8641
25.0000,59.9704,68.8200,93.8227,11.3301,12.8641
25.0000,62.9693,67.0458,91.4049,11.3301,12.8641
25.0000,65.9681,65.2722,88.9867,11.3301,12.8641
25.0000,68.9670,63.4987,86.5685,11.3301,12.8641
25.0000,71.9659,61.7249,84.1505,11.3301,12.8641
25.0000,74.9647,59.9503,81.7331,11.3301,12.8641
25.0000,77.9635,58.1751,79.3162,11.3301,12.8641
25.0000,80.9622,56.3999,76.8994,11.3301,12.8641
25.0000,83.9608,54.6251,74.4824,11.3301,12.8641
25.0000,86.9594,52.8512,72.0648,11.3301,12.8641
25.0000,89.9579,51.0788,69.6462,11.3301,12.8641
25.0000,92.9563,49.3084,67.2263,11.3301,12.8641
25.0000,95.9545,47.5404,64.8048,11.3301,12.8641
34.0000,98.9527,45.7755,62.3811,12.0000,11.0000
34.0000,101.9508,44.0140,59.9551,12.0000,11.0000
34.0000,104.9487,42.2566,57.5263,12.0000,11.0000
34.0000,107.9465,40.5037,55.0944,12.0000,11.0000
34.0000,110.9442,38.7559,52.6589,12.0000,11.0000
34.0000,113.9418,37.0136,50.2197,12.0000,11.0000
34.0000,116.9394,35.2773,47.7762,12.0000,11.0000
34.0000,119.9368,33.5477,45.3281,12.0000,11.0000
34.0000,122.9343,31.8251,42.8751,12.0000,11.0000
34.0000,125.9317,30.1101,40.4168,12.0000,11.0000
34.0000,128.9291,28.4033,37.9528,12.0000,11.0000
34.0000,131.9266,26.7050,35.4828,12.0000,11.0000
34.0000,134.9242,25.0159,33.0064,12.0000,11.0000
34.0000,137.9219,23.3365,30.5232,12.0000,11.0000
34.0000,140.9199,21.6672,28.0330,12.0000,11.0000
34.0000,143.9182,20.0086,25.5352,12.0000,11.0000
34.0000,146.9168,18.3612,23.0296,12.0000,11.0000
34.0000,149.9158,16.7261,20.5157,12.0000,11.0000
34.0000,152.9148,15.1047,17.9927,12.0000,11.0000
34.0000,155.9139,13.4984,15.4601,12.0000,11.0000
34.0000,158.9128,11.9086,12.9172,12.0000,11.0000
34.0000,161.9115,10.3368,10.3635,12.0000,11.0000
34.0000,164.9100,8.7844,7.7981,12.0000,11.0000
34.0000,167.9083,7.2527,5.2206,12.0000,11.0000
34.0000,170.9063,5.7433,2.6303,12.0000,11.0000
34.0000,173.9042,4.2575,0.0265,12.0000,11.0000
34.0000,176.9020,2.7968,-2.5913,12.0000,11.0000
34.0000,179.8999,1.3625,-5.2239,12.0000,11.0000
34.0000,182.8981,-0.0439,-7.8718,12.0000,11.0000
34.0000,185.8968,-1.4214,-10.5354,12.0000,11.0000
34.0000,188.8958,-2.7697,-13.2142,12.0000,11.0000
34.0000,191.8950,-4.0886,-15.9078,12.0000,11.0000
34.0000,194.8944,-5.3779,-18.6160,12.0000,11.0000
34.0000,197.8938,-6.6373,-21.3382,12.0000,11.0000
34.0000,200.8931,-7.8666,-24.0740,12.0000,11.0000
34.0000,203.8923,-9.0656,-26.8231,12.0000,11.0000
34.0000,206.8913,-10.2340,-29.5851,12.0000,11.0000
34.0000,209.8899,-11.3717,-32.3595,12.0000,11.0000
42.0000,212.8881,-12.4783,-35.1460,12.0514,12.4230
42.0000,215.8857,-13.5537,-37.9441,12.0514,12.4230
42.0000,218.8828,-14.5977,-40.7535,12.0514,12.4230
42.0000,221.8793,-15.6103,-43.5737,12.0514,12.4230
42.0000,224.8754,-16.5922,-46.4043,12.0514,12.4230
42.0000,227.8713,-17.5444,-49.2449,12.0514,12.4230
42.0000,230.8673,-18.4675,-52.0951,12.0514,12.4230
42.0000,233.8634,-19.3624,-54.9545,12.0514,12.4230
42.0000,236.8599,-20.2298,-57.8226,12.0514,12.4230
42.0000,239.8567,-21.0705,-60.6991,12.0514,12.4230
42.0000,242.8539,-21.8853,-63.5835,12.0514,12.4230
42.0000,245.8517,-22.6750,-66.4754,12.0514,12.4230
42.0000,248.8500,-23.4403,-69.3744,12.0514,12.4230
42.0000,251.8489,-24.1822,-72.2800,12.0514,12.4230
42.0000,254.8482,-24.9012,-75.1919,12.0514,12.4230
42.0000,257.8481,-25.5983,-78.1096,12.0514,12.4230
42.0000,260.8484,-26.2742,-81.0328,12.0514,12.4230
42.0000,263.8490,-26.9297,-83.9609,12.0514,12.4230
42.0000,266.8498,-27.5655,-86.8937,12.0514,12.4230
42.0000,269.8509,-28.1826,-89.8306,12.0514,12.4230
42.0000,272.8519,-28.7815,-92.7712,12.0514,12.4230
42.0000,275.8528,-29.3633,-95.7152,12.0514,12.4230
42.0000,278.8534,-29.9285,-98.6621,12.0514,12.4230
42.0000,281.8535,-30.4780,-101.6115,12.0514,12.4230
42.0000,284.8530,-31.0127,-104.5629,12.0514,12.4230
42.0000,287.8517,-31.5332,-107.5161,12.0514,12.4230
42.0000,290.8493,-32.0404,-110.4704,12.0514,12.4230
42.0000,293.8458,-32.5344,-113.4259,12.0514,12.4230
42.0000,296.8413,-33.0144,-116.3827,12.0514,12.4230
42.0000,299.8361,-33.4794,-119.3412,12.0514,12.4230
42.0000,302.8303,-33.9284,-122.3016,12.0514,12.4230
42.0000,305.8244,-34.3606,-125.2643,12.0514,12.4230
42.0000,308.8185,-34.7748,-128.2296,12.0514,12.4230
42.0000,311.8129,-35.1701,-131.1978,12.0514,12.4230
42.0000,314.8079,-35.5456,-134.1692,12.0514,12.4230
42.0000,317.8039,-35.9003,-137.1441,12.0514,12.4230
42.0000,320.8012,-36.2332,-140.1229,12.0514,12.4230
42.0000,323.8002,-36.5433,-143.1057,12.0514,12.4230
42.0000,326.8012,-36.8297,-146.0931,12.0514,12.4230
42.0000,329.8045,-37.0908,-149.0850,12.0514,12.4230
42.0000,332.8090,-37.3214,-152.0806,12.0514,12.4230
42.0000,335.8135,-37.5155,-155.0789,12.0514,12.4230
42.0000,338.8171,-37.6672,-158.0787,12.0514,12.4230
42.0000,341.8191,-37.7704,-161.0789,12.0514,12.4230
42.0000,344.8191,-37.8192,-164.0784,12.0514,12.4230
42.0000,347.8169,-37.8075,-167.0762,12.0514,12.4230
42.0000,350.8128,-37.7292,-170.0711,12.0514,12.4230
42.0000,353.8075,-37.5785,-173.0621,12.0514,12.4230
42.0000,356.8022,-37.3492,-176.0479,12.0514,12.4230
42.0000,359.7983,-37.0354,-179.0276,12.0514,12.4230
42.0000,362.7981,-36.6311,-182.0000,12.0514,12.4230
42.0000,365.8023,-36.1276,-184.9617,12.0514,12.4230
42.0000,368.8044,-35.5046,-187.8985,12.0514,12.4230
42.0000,371.7985,-34.7378,-190.7926,12.0514,12.4230
42.0000,374.7827,-33.8030,-193.6267,12.0514,12.4230
42.0000,377.7604,-32.6761,-196.3830,12.0514,12.4230
42.0000,380.7411,-31.3330,-199.0439,12.0514,12.4230
42.0000,383.7369,-29.7546,-201.5901,12.0514,12.4230
42.0000,386.7442,-27.9472,-203.9937,12.0514,12.4230
42.0000,389.7552,-25.9245,-206.2242,12.0514,12.4230
42.0000,392.7644,-23.7003,-208.2511,12.0514,12.4230
42.0000,395.7696,-21.2885,-210.0438,12.0514,12.4230
42.0000,398.7732,-18.7027,-211.5719,12.0514,12.4230
42.0000,401.7807,-15.9605,-212.8071,12.0514,12.4230
53.0000,404.7891,-13.0975,-213.7312,11.0071,12.0234
53.0000,407.7919,-10.1550,-214.3296,11.0071,12.0234
53.0000,410.7840,-7.1740,-214.5874,11.0071,12.0234
53.0000,413.7639,-4.1957,-214.4898,11.0071,12.0234
53.0000,416.7354,-1.2612,-214.0220,11.0071,12.0234
53.0000,419.7088,1.5890,-213.1753,11.0071,12.0234
53.0000,422.6925,4.3188,-211.9706,11.0071,12.0234
53.0000,425.6883,6.8930,-210.4383,11.0071,12.0234
53.0000,428.6933,9.2765,-208.6083,11.0071,12.0234
53.0000,431.7024,11.4342,-206.5108,11.0071,12.0234
53.0000,434.7107,13.3311,-204.1759,11.0071,12.0234
53.0000,437.7154,14.9350,-201.6352,11.0071,12.0234
53.0000,440.7174,16.2285,-198.9261,11.0071,12.0234
53.0000,443.7163,17.1985,-196.0884,11.0071,12.0234
53.0000,446.7108,17.8319,-193.1617,11.0071,12.0234
53.0000,449.7005,18.1157,-190.1855,11.0071,12.0234
53.0000,452.6875,18.0368,-187.1995,11.0071,12.0234
53.0000,455.6784,17.5838,-184.2431,11.0071,12.0234
53.0000,458.6807,16.7690,-181.3535,11.0071,12.0234
53.0000,461.6945,15.6233,-178.5660,11.0071,12.0234
53.0000,464.7130,14.1781,-175.9160,11.0071,12.0234
64.0000,467.7251,12.4647,-173.4387,11.0940,11.9361
64.0000,470.7172,10.5144,-171.1695,11.0940,11.9361
64.0000,473.6777,8.3587,-169.1403,11.0940,11.9361
64.0000,476.6240,6.0330,-167.3316,11.0940,11.9361
64.0000,479.5827,3.5752,-165.6844,11.0940,11.9361
64.0000,482.5661,1.0236,-164.1385,11.0940,11.9361
64.0000,485.5765,-1.5838,-162.6338,11.0940,11.9361
-72.0000,488.6117,-4.2089,-161.1102,12.9328,12.7395
-72.0000,491.6683,-6.8123,-159.5086,12.9328,12.7395
-72.0000,494.7259,-9.3393,-157.7873,12.9328,12.7395
-72.0000,497.7550,-11.7227,-155.9178,12.9328,12.7395
-72.0000,500.7388,-13.8950,-153.8722,12.9328,12.7395
-72.0000,503.6796,-15.7888,-151.6223,12.9328,12.7395
-72.0000,506.6047,-17.3365,-149.1403,12.9328,12.7395
-72.0000,509.5686,-18.4727,-146.4027,12.9328,12.7395
-83.0000,512.5905,-19.1601,-143.4601,12.0095,11.5962
-83.0000,515.6389,-19.3837,-140.4199,12.0095,11.5962
-83.0000,518.6780,-19.1292,-137.3915,12.0095,11.5962
-83.0000,521.6800,-18.3823,-134.4839,12.0095,11.5962
-83.0000,524.6365,-17.1284,-131.8064,12.0095,11.5962
-83.0000,527.5713,-15.3579,-129.4659,12.0095,11.5962
-83.0000,530.5194,-13.1296,-127.5356,12.0095,11.5962
-94.0000,533.4852,-10.5556,-126.0624,11.4937,12.6699
-94.0000,536.4576,-7.7478,-125.0869,11.4937,12.6699
-94.0000,539.4555,-4.7963,-124.5617,11.4937,12.6699
-94.0000,542.4838,-1.7739,-124.3716,11.4937,12.6699
-94.0000,545.5074,1.2495,-124.4030,11.4937,12.6699
-94.0000,548.5087,4.2445,-124.5974,11.4937,12.6699
-94.0000,551.4966,7.2128,-124.9389,11.4937,12.6699
-94.0000,554.4786,10.1569,-125.4126,11.4937,12.6699
-94.0000,557.4603,13.0794,-126.0037,11.4937,12.6699
-94.0000,560.4455,15.9829,-126.6975,11.4937,12.6699
-94.0000,563.4364,18.8699,-127.4791,11.4937,12.6699
-94.0000,566.4338,21.7429,-128.3337,11.4937,12.6699
-94.0000,569.4375,24.6045,-129.2464,11.4937,12.6699
-94.0000,572.4463,27.4573,-130.2026,11.4937,12.6699
105.0000,575.4583,30.3038,-131.1873,11.7979,11.9771
105.0000,578.4713,33.1466,-132.1858,11.7979,11.9771
105.0000,581.4830,35.9881,-133.1836,11.7979,11.9771
105.0000,584.4921,38.8298,-134.1736,11.7979,11.9771
105.0000,587.4987,41.6721,-135.1537,11.7979,11.9771
105.0000,590.5026,44.5156,-136.1225,11.7979,11.9771
114.0000,593.5039,47.3606,-137.0782,13.0000,13.0000
114.0000,596.5026,50.2078,-138.0191,13.0000,13.0000
114.0000,599.4986,53.0576,-138.9437,13.0000,13.0000
114.0000,602.4920,55.9104,-139.8502,13.0000,13.0000
114.0000,605.4829,58.7669,-140.7370,13.0000,13.0000
114.0000,608.4714,61.6274,-141.6024,13.0000,13.0000
114.0000,611.4577,64.4924,-142.4448,13.0000,13.0000
125.0000,614.4420,67.3625,-143.2624,13.0000,13.0000
125.0000,617.4245,70.2381,-144.0538,13.0000,13.0000
125.0000,620.4066,73.1194,-144.8221,13.0000,13.0000
125.0000,623.3914,76.0063,-145.5805,13.0000,13.0000
125.0000,626.3822,78.8983,-146.3429,13.0000,13.0000
125.0000,629.3823,81.7951,-147.1233,13.0000,13.0000
125.0000,632.3953,84.6965,-147.9359,13.0000,13.0000
132.0000,635.4250,87.6020,-148.7945,13.0000,13.0000
132.0000,638.4688,90.5126,-149.6853,13.0000,13.0000
132.0000,641.5105,93.4313,-150.5411,13.0000,13.0000
132.0000,644.5347,96.3617,-151.2885,13.0000,13.0000
132.0000,647.5339,99.3072,-151.8540,13.0000,13.0000
132.0000,650.5140,102.2710,-152.1642,13.0000,13.0000
132.0000,653.4995,105.2565,-152.1457,13.0000,13.0000
132.0000,656.5009,108.2293,-151.7322,13.0000,13.0000
143.0000,659.4811,111.0824,-150.8711,13.0000,13.0000
143.0000,662.4307,113.7001,-149.5118,13.0000,13.0000
143.0000,665.3722,115.9814,-147.6550,13.0000,13.0000
143.0000,668.3024,117.8537,-145.4010,13.0000,13.0000
143.0000,671.1994,119.2481,-142.8616,13.0000,13.0000
143.0000,674.0794,120.1480,-140.1258,13.0000,13.0000
143.0000,677.0083,120.6396,-137.2385,13.0000,13.0000
154.0000,680.0131,120.8209,-134.2391,13.0000,13.0000
154.0000,683.0851,120.7896,-131.1673,13.0000,13.0000
154.0000,686.1931,120.6438,-128.0627,13.0000,13.0000
154.0000,689.2953,120.4811,-124.9648,13.0000,13.0000
154.0000,692.3607,120.3779,-121.9012,13.0000,13.0000
154.0000,695.3859,120.3685,-118.8760,13.0000,13.0000
-164.0000,698.3734,120.4823,-115.8906,13.0000,13.0000
-164.0000,701.3293,120.7487,-112.9467,13.0000,13.0000
-164.0000,704.2650,121.1972,-110.0455,13.0000,13.0000
-164.0000,707.1971,121.8571,-107.1886,13.0000,13.0000
-164.0000,710.1441,122.7387,-104.3766,13.0000,13.0000
-164.0000,713.1142,123.8152,-101.6085,13.0000,13.0000
-164.0000,716.1085,125.0555,-98.8830,13.0000,13.0000
-164.0000,719.1231,126.4282,-96.1991,13.0000,13.0000
-164.0000,722.1498,127.9021,-93.5556,13.0000,13.0000
-164.0000,725.1775,129.4461,-90.9511,13.0000,13.0000
-164.0000,728.1978,131.0381,-88.3845,13.0000,13.0000
-164.0000,731.2109,132.6740,-85.8541,13.0000,13.0000
-164.0000,734.2181,134.3516,-83.3583,13.0000,13.0000
-164.0000,737.2208,136.0690,-80.8953,13.0000,13.0000
-164.0000,740.2198,137.8242,-78.4636,13.0000,13.0000
-164.0000,743.2161,139.6151,-76.0614,13.0000,13.0000
-164.0000,746.2105,141.4397,-73.6871,13.0000,13.0000
-164.0000,749.2038,143.2961,-71.3390,13.0000,13.0000
-164.0000,752.1964,145.1821,-69.0155,13.0000,13.0000
-164.0000,755.1889,147.0959,-66.7149,13.0000,13.0000
-164.0000,758.1816,149.0352,-64.4356,13.0000,13.0000
-164.0000,761.1749,150.9982,-62.1759,13.0000,13.0000
-164.0000,764.1689,152.9828,-59.9342,13.0000,13.0000
-164.0000,767.1638,154.9870,-57.7087,13.0000,13.0000
-164.0000,770.1598,157.0088,-55.4978,13.0000,13.0000
-164.0000,773.1567,159.0462,-53.2998,13.0000,13.0000
-164.0000,776.1546,161.0970,-51.1132,13.0000,13.0000
-164.0000,779.1534,163.1594,-48.9362,13.0000,13.0000
-164.0000,782.1530,165.2313,-46.7672,13.0000,13.0000
-164.0000,785.1531,167.3107,-44.6045,13.0000,13.0000
175.0000,788.1537,169.3955,-42.4465,11.1546,11.5603
175.0000,791.1546,171.4838,-40.2914,11.1546,11.5603
175.0000,794.1555,173.5735,-38.1377,11.1546,11.5603
175.0000,797.1562,175.6626,-35.9837,11.1546,11.5603
175.0000,800.1565,177.7493,-33.8279,11.1546,11.5603
175.0000,803.1565,179.8334,-31.6701,11.1546,11.5603
175.0000,806.1560,181.9151,-29.5104,11.1546,11.5603
175.0000,809.1553,183.9945,-27.3490,11.1546,11.5603
175.0000,812.1543,186.0718,-25.1860,11.1546,11.5603
175.0000,815.1529,188.1472,-23.0216,11.1546,11.5603
175.0000,818.1514,190.2210,-20.8559,11.1546,11.5603
175.0000,821.1496,192.2934,-18.6892,11.1546,11.5603
175.0000,824.1476,194.3644,-16.5215,11.1546,11.5603
175.0000,827.1455,196.4344,-14.3530,11.1546,11.5603
175.0000,830.1432,198.5034,-12.1838,11.1546,11.5603
175.0000,833.1408,200.5718,-10.0142,11.1546,11.5603
175.0000,836.1383,202.6397,-7.8442,11.1546,11.5603
175.0000,839.1358,204.7074,-5.6740,11.1546,11.5603
175.0000,842.1332,206.7749,-3.5038,11.1546,11.5603
175.0000,845.1306,208.8425,-1.3336,11.1546,11.5603
175.0000,848.1280,210.9104,0.8362,11.1546,11.5603
175.0000,851.1255,212.9788,3.0056,11.1546,11.5603
175.0000,854.1230,215.0479,5.1745,11.1546,11.5603
175.0000,857.1206,217.1179,7.3426,11.1546,11.5603
175.0000,860.1183,219.1889,9.5099,11.1546,11.5603
175.0000,863.1162,221.2612,11.6761,11.1546,11.5603
175.0000,866.1142,223.3351,13.8412,11.1546,11.5603
175.0000,869.1124,225.4105,16.0049,11.1546,11.5603
175.0000,872.1108,227.4878,18.1671,11.1546,11.5603
175.0000,875.1094,229.5669,20.3280,11.1546,11.5603
175.0000,878.1082,231.6476,22.4875,11.1546,11.5603
175.0000,881.1071,233.7297,24.6458,11.1546,11.5603
175.0000,884.1061,235.8131,26.8029,11.1546,11.5603
175.0000,887.1051,237.8977,28.9590,11.1546,11.5603
175.0000,890.1042,239.9832,31.1142,11.1546,11.5603
175.0000,893.1032,242.0696,33.2685,11.1546,11.5603
175.0000,896.1021,244.1567,35.4221,11.1546,11.5603
175.0000,899.1010,246.2443,37.5750,11.1546,11.5603
175.0000,902.0997,248.3323,39.7273,11.1546,11.5603
175.0000,905.0983,250.4205,41.8792,11.1546,11.5603
175.0000,908.0966,252.5088,44.0307,11.1546,11.5603
175.0000,911.0947,254.5973,46.1818,11.1546,11.5603
175.0000,914.0927,256.6860,48.3324,11.1546,11.5603
175.0000,917.0905,258.7751,50.4823,11.1546,11.5603
175.0000,920.0882,260.8650,52.6315,11.1546,11.5603
175.0000,923.0859,262.9556,54.7798,11.1546,11.5603
175.0000,926.0835,265.0473,56.9271,11.1546,11.5603
175.0000,929.0811,267.1401,59.0732,11.1546,11.5603
175.0000,932.0788,269.2343,61.2181,11.1546,11.5603
175.0000,935.0766,271.3301,63.3615,11.1546,11.5603
-184.0000,938.0745,273.4276,65.5035,11.3437,12.3288
-184.0000,941.0726,275.5270,67.6438,11.3437,12.3288
-184.0000,944.0709,277.6285,69.7824,11.3437,12.3288
-184.0000,947.0694,279.7324,71.9189,11.3437,12.3288
-184.0000,950.0680,281.8392,74.0526,11.3437,12.3288
-184.0000,953.0668,283.9495,76.1831,11.3437,12.3288
-184.0000,956.0656,286.0638,78.3099,11.3437,12.3288
-184.0000,959.0644,288.1824,80.4322,11.3437,12.3288
-184.0000,962.0633,290.3060,82.5496,11.3437,12.3288
-184.0000,965.0621,292.4350,84.6616,11.3437,12.3288
-184.0000,968.0609,294.5699,86.7675,11.3437,12.3288
-184.0000,971.0596,296.7113,88.8667,11.3437,12.3288
-184.0000,974.0582,298.8595,90.9588,11.3437,12.3288
-184.0000,977.0568,301.0152,93.0431,11.3437,12.3288
-184.0000,980.0553,303.1788,95.1192,11.3437,12.3288
-184.0000,983.0537,305.3507,97.1864,11.3437,12.3288
-184.0000,986.0520,307.5314,99.2441,11.3437,12.3288
-184.0000,989.0502,309.7213,101.2920,11.3437,12.3288
-184.0000,992.0482,311.9206,103.3294,11.3437,12.3288
-184.0000,995.0461,314.1299,105.3558,11.3437,12.3288
-184.0000,998.0438,316.3496,107.3706,11.3437,12.3288
-184.0000,1001.0414,318.5799,109.3733,11.3437,12.3288
-184.0000,1004.0388,320.8214,111.3634,11.3437,12.3288
-184.0000,1007.0362,323.0744,113.3403,11.3437,12.3288
-184.0000,1010.0336,325.3393,115.3036,11.3437,12.3288
-184.0000,1013.0309,327.6165,117.2525,11.3437,12.3288
-184.0000,1016.0284,329.9064,119.1867,11.3437,12.3288
-184.0000,1019.0260,332.2091,121.1059,11.3437,12.3288
-184.0000,1022.0237,334.5245,123.0100,11.3437,12.3288
-184.0000,1025.0216,336.8523,124.8991,11.3437,12.3288
-184.0000,1028.0197,339.1924,126.7732,11.3437,12.3288
-184.0000,1031.0178,341.5446,128.6322,11.3437,12.3288
-184.0000,1034.0161,343.9089,130.4762,11.3437,12.3288
-184.0000,1037.0146,346.2849,132.3051,11.3437,12.3288
-184.0000,1040.0131,348.6726,134.1190,11.3437,12.3288
-184.0000,1043.0118,351.0718,135.9179,11.3437,12.3288
-184.0000,1046.0106,353.4824,137.7017,11.3437,12.3288
-184.0000,1049.0095,355.9041,139.4705,11.3437,12.3288
-184.0000,1052.0084,358.3368,141.2242,11.3437,12.3288
-184.0000,1055.0074,360.7803,142.9630,11.3437,12.3288
-184.0000,1058.0064,363.2345,144.6866,11.3437,12.3288
-184.0000,1061.0055,365.6992,146.3953,11.3437,12.3288
-184.0000,1064.0045,368.1742,148.0889,11.3437,12.3288
-184.0000,1067.0035,370.6595,149.7675,11.3437,12.3288
-184.0000,1070.0025,373.1547,151.4310,11.3437,12.3288
-184.0000,1073.0013,375.6598,153.0796,11.3437,12.3288
-184.0000,1076.0001,378.1746,154.7131,11.3437,12.3288
-184.0000,1078.9987,380.6989,156.3315,11.3437,12.3288
-184.0000,1081.9971,383.2326,157.9350,11.3437,12.3288
-184.0000,1084.9953,385.7755,159.5234,11.3437,12.3288
-184.0000,1087.9932,388.3274,161.0967,11.3437,12.3288
-184.0000,1090.9909,390.8880,162.6553,11.3437,12.3288
-184.0000,1093.9885,393.4570,164.1998,11.3437,12.3288
-184.0000,1096.9860,396.0338,165.7312,11.3437,12.3288
-184.0000,1099.9834,398.6179,167.2501,11.3437,12.3288
-184.0000,1102.9809,401.2088,168.7575,11.3437,12.3288
-184.0000,1105.9785,403.8061,170.2542,11.3437,12.3288
-184.0000,1108.9763,406.4091,171.7411,11.3437,12.3288
-184.0000,1111.9742,409.0174,173.2189,11.3437,12.3288
-184.0000,1114.9722,411.6305,174.6885,11.3437,12.3288
-184.0000,1117.9704,414.2480,176.1508,11.3437,12.3288
-192.0000,1120.9687,416.8692,177.6065,12.2608,12.1360
-192.0000,1123.9672,419.4937,179.0565,12.2608,12.1360
-192.0000,1126.9657,422.1210,180.5017,12.2608,12.1360
-192.0000,1129.9644,424.7507,181.9428,12.2608,12.1360
-192.0000,1132.9631,427.3821,183.3808,12.2608,12.1360
-192.0000,1135.9618,430.0148,184.8164,12.2608,12.1360
-192.0000,1138.9605,432.6484,186.2505,12.2608,12.1360
201.0000,1141.9591,435.2822,187.6839,11.6305,12.1366
201.0000,1144.9576,437.9158,189.1175,11.6305,12.1366
201.0000,1147.9559,440.5487,190.5520,11.6305,12.1366
201.0000,1150.9541,443.1804,191.9884,11.6305,12.1366
201.0000,1153.9521,445.8104,193.4274,11.6305,12.1366
201.0000,1156.9498,448.4382,194.8699,11.6305,12.1366
201.0000,1159.9472,451.0633,196.3168,11.6305,12.1366
201.0000,1162.9443,453.6855,197.7683,11.6305,12.1366
201.0000,1165.9413,456.3055,199.2236,11.6305,12.1366
201.0000,1168.9382,458.9239,200.6815,11.6305,12.1366
201.0000,1171.9352,461.5414,202.1411,11.6305,12.1366
201.0000,1174.9324,464.1589,203.6011,11.6305,12.1366
201.0000,1177.9298,466.7770,205.0606,11.6305,12.1366
201.0000,1180.9276,469.3964,206.5185,11.6305,12.1366
201.0000,1183.9259,472.0180,207.9736,11.6305,12.1366
201.0000,1186.9248,474.6423,209.4250,11.6305,12.1366
201.0000,1189.9245,477.2702,210.8714,11.6305,12.1366
201.0000,1192.9250,479.9024,212.3119,11.6305,12.1366
201.0000,1195.9266,482.5395,213.7453,11.6305,12.1366
201.0000,1198.9292,485.1817,215.1715,11.6305,12.1366
201.0000,1201.9321,487.8251,216.5965,11.6305,12.1366
212.0000,1204.9346,490.4639,218.0286,12.4085,11.7045
212.0000,1207.9355,493.0925,219.4765,12.4085,11.7045
212.0000,1210.9343,495.7051,220.9486,12.4085,11.7045
212.0000,1213.9306,498.2961,222.4535,12.4085,11.7045
212.0000,1216.9244,500.8598,223.9995,12.4085,11.7045
212.0000,1219.9162,503.3905,225.5952,12.4085,11.7045
212.0000,1222.9071,505.8825,227.2491,12.4085,11.7045
212.0000,1225.8990,508.3301,228.9697,12.4085,11.7045
212.0000,1228.8945,510.7277,230.7655,12.4085,11.7045
212.0000,1231.8973,513.0695,232.6450,12.4085,11.7045
212.0000,1234.9099,515.3472,234.6168,12.4085,11.7045
212.0000,1237.9234,517.5341,236.6902,12.4085,11.7045
212.0000,1240.9270,519.5956,238.8746,12.4085,11.7045
212.0000,1243.9153,521.4973,241.1798,12.4085,11.7045
212.0000,1246.8897,523.2047,243.6153,12.4085,11.7045
212.0000,1249.8592,524.6832,246.1906,12.4085,11.7045
212.0000,1252.8419,525.8988,248.9143,12.4085,11.7045
223.0000,1255.8454,526.8271,251.7707,11.5147,12.5599
223.0000,1258.8595,527.4534,254.7191,11.5147,12.5599
223.0000,1261.8739,527.7639,257.7174,11.5147,12.5599
223.0000,1264.8803,527.7443,260.7238,11.5147,12.5599
223.0000,1267.8749,527.3808,263.6962,11.5147,12.5599
223.0000,1270.8601,526.6602,266.5931,11.5147,12.5599
223.0000,1273.8470,525.5923,269.3826,11.5147,12.5599
223.0000,1276.8446,524.2108,272.0428,11.5147,12.5599
234.0000,1279.8537,522.5505,274.5525,12.9617,11.6868
234.0000,1282.8689,520.6460,276.8901,12.9617,11.6868
234.0000,1285.8799,518.5322,279.0344,12.9617,11.6868
234.0000,1288.8739,516.2436,280.9647,12.9617,11.6868
234.0000,1291.8535,513.8087,282.6820,12.9617,11.6868
234.0000,1294.8331,511.2501,284.2091,12.9617,11.6868
234.0000,1297.8210,508.5902,285.5700,12.9617,11.6868
234.0000,1300.8190,505.8511,286.7888,12.9617,11.6868
234.0000,1303.8239,503.0551,287.8895,12.9617,11.6868
234.0000,1306.8284,500.2240,288.8956,12.9617,11.6868
234.0000,1309.8286,497.3703,289.8216,12.9617,11.6868
234.0000,1312.8260,494.4959,290.6717,12.9617,11.6868
234.0000,1315.8221,491.6027,291.4501,12.9617,11.6868
234.0000,1318.8179,488.6925,292.1608,12.9617,11.6868
234.0000,1321.8142,485.7669,292.8078,12.9617,11.6868
234.0000,1324.8115,482.8276,293.3951,12.9617,11.6868
234.0000,1327.8102,479.8765,293.9267,12.9617,11.6868
234.0000,1330.8101,476.9152,294.4067,12.9617,11.6868
234.0000,1333.8111,473.9455,294.8390,12.9617,11.6868
234.0000,1336.8128,470.9690,295.2277,12.9617,11.6868
234.0000,1339.8146,467.9876,295.5768,12.9617,11.6868
234.0000,1342.8157,465.0030,295.8903,12.9617,11.6868
234.0000,1345.8154,462.0164,296.1713,12.9617,11.6868
234.0000,1348.8139,459.0283,296.4203,12.9617,11.6868
234.0000,1351.8114,456.0387,296.6375,12.9617,11.6868
234.0000,1354.8082,453.0477,296.8231,12.9617,11.6868
234.0000,1357.8044,450.0554,296.9772,12.9617,11.6868
234.0000,1360.8002,447.0621,297.1000,12.9617,11.6868
234.0000,1363.7960,444.0677,297.1916,12.9617,11.6868
234.0000,1366.7918,441.0725,297.2523,12.9617,11.6868
234.0000,1369.7879,438.0766,297.2821,12.9617,11.6868
234.0000,1372.7844,435.0800,297.2813,12.9617,11.6868
234.0000,1375.7817,432.0830,297.2499,12.9617,11.6868
234.0000,1378.7797,429.0856,297.1882,12.9617,11.6868
234.0000,1381.7787,426.0880,297.0962,12.9617,11.6868
234.0000,1384.7783,423.0909,296.9736,12.9617,11.6868
234.0000,1387.7785,420.0947,296.8201,12.9617,11.6868
234.0000,1390.7788,417.1000,296.6355,12.9617,11.6868
234.0000,1393.7792,414.1074,296.4192,12.9617,11.6868
234.0000,1396.7794,411.1175,296.1711,12.9617,11.6868
234.0000,1399.7792,408.1308,295.8908,12.9617,11.6868
234.0000,1402.7784,405.1480,295.5779,12.9617,11.6868
234.0000,1405.7769,402.1694,295.2322,12.9617,11.6868
234.0000,1408.7745,399.1959,294.8533,12.9617,11.6868
242.0000,1411.7711,396.2278,294.4410,12.0000,13.0000
242.0000,1414.7665,393.2659,293.9948,12.0000,13.0000
242.0000,1417.7609,390.3102,293.5150,12.0000,13.0000
242.0000,1420.7552,387.3598,293.0039,12.0000,13.0000
242.0000,1423.7504,384.4137,292.4635,12.0000,13.0000
242.0000,1426.7474,381.4708,291.8965,12.0000,13.0000
242.0000,1429.7471,378.5301,291.3049,12.0000,13.0000
242.0000,1432.7501,375.5904,290.6913,12.0000,13.0000
242.0000,1435.7563,372.6526,290.0535,12.0000,13.0000
242.0000,1438.7626,369.7233,289.3779,12.0000,13.0000
242.0000,1441.7662,366.8095,288.6486,12.0000,13.0000
242.0000,1444.7654,363.9187,287.8497,12.0000,13.0000
242.0000,1447.7595,361.0582,286.9654,12.0000,13.0000
242.0000,1450.7494,358.2353,285.9800,12.0000,13.0000
242.0000,1453.7376,355.4563,284.8816,12.0000,13.0000
242.0000,1456.7256,352.7251,283.6697,12.0000,13.0000
242.0000,1459.7150,350.0451,282.3454,12.0000,13.0000
242.0000,1462.7071,347.4196,280.9102,12.0000,13.0000
242.0000,1465.7036,344.8521,279.3652,12.0000,13.0000
253.0000,1468.7061,342.3459,277.7118,12.0000,13.0000
253.0000,1471.7156,339.9051,275.9513,12.0000,13.0000
253.0000,1474.7294,337.5378,274.0860,12.0000,13.0000
253.0000,1477.7437,335.2545,272.1181,12.0000,13.0000
253.0000,1480.7550,333.0655,270.0503,12.0000,13.0000
253.0000,1483.7606,330.9810,267.8849,12.0000,13.0000
253.0000,1486.7587,329.0116,265.6245,12.0000,13.0000
253.0000,1489.7486,327.1663,263.2719,12.0000,13.0000
253.0000,1492.7336,325.4461,260.8325,12.0000,13.0000
253.0000,1495.7171,323.8479,258.3131,12.0000,13.0000
264.0000,1498.7020,322.3686,255.7205,12.0000,13.0000
264.0000,1501.6903,321.0052,253.0614,12.0000,13.0000
264.0000,1504.6829,319.7545,250.3426,12.0000,13.0000
264.0000,1507.6803,318.6135,247.5709,12.0000,13.0000
264.0000,1510.6821,317.5791,244.7530,12.0000,13.0000
264.0000,1513.6872,316.6481,241.8957,12.0000,13.0000
264.0000,1516.6942,315.8177,239.0057,12.0000,13.0000
264.0000,1519.7008,315.0845,236.0899,12.0000,13.0000
264.0000,1522.7045,314.4456,233.1549,12.0000,13.0000
264.0000,1525.7029,313.8972,230.2071,12.0000,13.0000
264.0000,1528.6973,313.4303,227.2493,12.0000,13.0000
264.0000,1531.6901,313.0334,224.2830,12.0000,13.0000
264.0000,1534.6830,312.6949,221.3092,12.0000,13.0000
264.0000,1537.6771,312.4033,218.3294,12.0000,13.0000
264.0000,1540.6728,312.1470,215.3446,12.0000,13.0000
264.0000,1543.6702,311.9145,212.3563,12.0000,13.0000
264.0000,1546.6690,311.6944,209.3656,12.0000,13.0000
264.0000,1549.6687,311.4750,206.3739,12.0000,13.0000
-274.0000,1552.6692,311.2448,203.3823,12.0000,13.0000
-274.0000,1555.6700,310.9922,200.3921,12.0000,13.0000
-274.0000,1558.6711,310.7058,197.4047,12.0000,13.0000
-274.0000,1561.6729,310.3748,194.4212,12.0000,13.0000
-274.0000,1564.6749,309.9941,191.4434,12.0000,13.0000
-274.0000,1567.6767,309.5618,188.4729,12.0000,13.0000
-274.0000,1570.6776,309.0757,185.5116,12.0000,13.0000
-274.0000,1573.6774,308.5338,182.5612,12.0000,13.0000
-274.0000,1576.6757,307.9340,179.6235,12.0000,13.0000
-274.0000,1579.6725,307.2743,176.7003,12.0000,13.0000
-274.0000,1582.6678,306.5525,173.7932,12.0000,13.0000
-274.0000,1585.6618,305.7666,170.9042,12.0000,13.0000
-274.0000,1588.6549,304.9146,168.0349,12.0000,13.0000
-283.0000,1591.6477,303.9943,165.1871,12.0000,13.0000
-283.0000,1594.6409,303.0037,162.3626,12.0000,13.0000
-283.0000,1597.6352,301.9411,159.5631,12.0000,13.0000
-283.0000,1600.6313,300.8074,156.7898,12.0000,13.0000
-283.0000,1603.6293,299.6049,154.0437,12.0000,13.0000
-283.0000,1606.6290,298.3359,151.3255,12.0000,13.0000
-283.0000,1609.6305,297.0027,148.6363,12.0000,13.0000
-294.0000,1612.6335,295.6077,145.9770,12.0000,13.0000
-294.0000,1615.6376,294.1531,143.3486,12.0000,13.0000
-294.0000,1618.6424,292.6413,140.7519,12.0000,13.0000
-294.0000,1621.6472,291.0745,138.1878,12.0000,13.0000
-294.0000,1624.6515,289.4551,135.6574,12.0000,13.0000
-294.0000,1627.6544,287.7853,133.1615,12.0000,13.0000
-294.0000,1630.6552,286.0675,130.7010,12.0000,13.0000
-294.0000,1633.6529,284.3040,128.2769,12.0000,13.0000
-294.0000,1636.6476,282.4977,125.8883,12.0000,13.0000
-294.0000,1639.6405,280.6523,123.5321,12.0000,13.0000
-294.0000,1642.6325,278.7713,121.2053,12.0000,13.0000
-294.0000,1645.6243,276.8585,118.9048,12.0000,13.0000
-294.0000,1648.6166,274.9176,116.6274,12.0000,13.0000
-294.0000,1651.6097,272.9522,114.3700,12.0000,13.0000
-294.0000,1654.6039,270.9659,112.1296,12.0000,13.0000
-294.0000,1657.5991,268.9625,109.9029,12.0000,13.0000
-294.0000,1660.5954,266.9456,107.6870,12.0000,13.0000
-294.0000,1663.5928,264.9189,105.4787,12.0000,13.0000
-294.0000,1666.5910,262.8860,103.2749,12.0000,13.0000
-294.0000,1669.5899,260.8506,101.0725,12.0000,13.0000
305.0000,1672.5893,258.8148,98.8698,12.0000,13.0000
305.0000,1675.5892,256.7787,96.6667,12.0000,13.0000
305.0000,1678.5895,254.7425,94.4632,12.0000,13.0000
305.0000,1681.5901,252.7061,92.2593,12.0000,13.0000
305.0000,1684.5911,250.6697,90.0551,12.0000,13.0000
305.0000,1687.5922,248.6334,87.8506,12.0000,13.0000
305.0000,1690.5935,246.5972,85.6457,12.0000,13.0000
305.0000,1693.5948,244.5611,83.4405,12.0000,13.0000
305.0000,1696.5963,242.5254,81.2350,12.0000,13.0000
305.0000,1699.5976,240.4900,79.0292,12.0000,13.0000
305.0000,1702.5990,238.4550,76.8231,12.0000,13.0000
305.0000,1705.6001,236.4206,74.6168,12.0000,13.0000
305.0000,1708.6011,234.3867,72.4102,12.0000,13.0000
305.0000,1711.6017,232.3535,70.2034,12.0000,13.0000
305.0000,1714.6021,230.3209,67.9963,12.0000,13.0000
305.0000,1717.6021,228.2892,65.7891,12.0000,13.0000
305.0000,1720.6016,226.2584,63.5817,12.0000,13.0000
305.0000,1723.6006,224.2285,61.3740,12.0000,13.0000
305.0000,1726.5990,222.1997,59.1662,12.0000,13.0000
305.0000,1729.5968,220.1719,56.9583,12.0000,13.0000
305.0000,1732.5939,218.1454,54.7502,12.0000,13.0000
305.0000,1735.5903,216.1201,52.5420,12.0000,13.0000
305.0000,1738.5858,214.0961,50.3336,12.0000,13.0000
311.0000,1741.5804,212.0735,48.1252,11.7659,12.1453
311.0000,1744.5743,210.0523,45.9167,11.7659,12.1453
311.0000,1747.5675,208.0321,43.7081,11.7659,12.1453
311.0000,1750.5602,206.0127,41.4994,11.7659,12.1453
311.0000,1753.5526,203.9938,39.2906,11.7659,12.1453
311.0000,1756.5449,201.9752,37.0817,11.7659,12.1453
311.0000,1759.5372,199.9565,34.8728,11.7659,12.1453
311.0000,1762.5299,197.9376,32.6638,11.7659,12.1453
311.0000,1765.5229,195.9181,30.4548,11.7659,12.1453
311.0000,1768.5165,193.8978,28.2457,11.7659,12.1453
311.0000,1771.5110,191.8763,26.0366,11.7659,12.1453
311.0000,1774.5064,189.8535,23.8274,11.7659,12.1453
311.0000,1777.5029,187.8290,21.6181,11.7659,12.1453
311.0000,1780.5008,185.8026,19.4088,11.7659,12.1453
311.0000,1783.5001,183.7740,17.1995,11.7659,12.1453
311.0000,1786.5012,181.7429,14.9902,11.7659,12.1453
311.0000,1789.5042,179.7091,12.7809,11.7659,12.1453
311.0000,1792.5092,177.6722,10.5715,11.7659,12.1453
311.0000,1795.5164,175.6321,8.3621,11.7659,12.1453
311.0000,1798.5261,173.5884,6.1527,11.7659,12.1453
311.0000,1801.5384,171.5409,3.9433,11.7659,12.1453
311.0000,1804.5534,169.4892,1.7339,11.7659,12.1453
311.0000,1807.5715,167.4332,-0.4755,11.7659,12.1453
311.0000,1810.5927,165.3726,-2.6849,11.7659,12.1453
-322.0000,1813.6172,163.3070,-4.8942,11.0622,11.5625
-322.0000,1816.6405,161.2281,-7.0892,11.0622,11.5625
-322.0000,1819.6434,159.1001,-9.2081,11.0622,11.5625
-322.0000,1822.6109,156.8822,-11.1796,11.0622,11.5625
-322.0000,1825.5416,154.5332,-12.9321,11.0622,11.5625
-322.0000,1828.4562,152.0119,-14.3943,11.0622,11.5625
-322.0000,1831.4038,149.2774,-15.4947,11.0622,11.5625
-322.0000,1834.4292,146.3265,-16.1619,11.0622,11.5625
-322.0000,1837.4783,143.2818,-16.3235,11.0622,11.5625
-333.0000,1840.4971,140.2917,-15.9074,11.2838,12.5414
-333.0000,1843.4763,137.4990,-14.8701,11.2838,12.5414
-333.0000,1846.4251,135.0268,-13.2627,11.2838,12.5414
-333.0000,1849.3524,132.9944,-11.1560,11.2838,12.5414
-333.0000,1852.2873,131.4942,-8.6334,11.2838,12.5414
-333.0000,1855.2614,130.5314,-5.8195,11.2838,12.5414
-333.0000,1858.2656,130.0932,-2.8474,11.2838,12.5414
-344.0000,1861.2805,130.1507,0.1669,12.3321,11.3164
-344.0000,1864.3129,130.6222,3.1625,12.3321,11.3164
-344.0000,1867.3457,131.4153,6.0897,12.3321,11.3164
-344.0000,1870.3515,132.4499,8.9119,12.3321,11.3164
-344.0000,1873.3415,133.6844,11.6351,12.3321,11.3164
-344.0000,1876.3294,135.0854,14.2741,12.3321,11.3164
-344.0000,1879.3219,136.6195,16.8436,12.3321,11.3164
-344.0000,1882.3206,138.2533,19.3581,12.3321,11.3164
-344.0000,1885.3226,139.9532,21.8325,12.3321,11.3164
-344.0000,1888.3239,141.6918,24.2789,12.3321,11.3164
-344.0000,1891.3241,143.4617,26.7015,12.3321,11.3164
-344.0000,1894.3239,145.2594,29.1028,12.3321,11.3164
-344.0000,1897.3233,147.0814,31.4855,12.3321,11.3164
-344.0000,1900.3228,148.9242,33.8521,12.3321,11.3164
-344.0000,1903.3223,150.7845,36.2051,12.3321,11.3164
355.0000,1906.3219,152.6587,38.5471,12.1304,11.6258
355.0000,1909.3215,154.5435,40.8805,12.1304,11.6258
355.0000,1912.3208,156.4352,43.2081,12.1304,11.6258
355.0000,1915.3198,158.3305,45.5323,12.1304,11.6258
355.0000,1918.3183,160.2260,47.8556,12.1304,11.6258
355.0000,1921.3159,162.1180,50.1806,12.1304,11.6258
355.0000,1924.3126,164.0036,52.5097,12.1304,11.6258
355.0000,1927.3084,165.8821,54.8435,12.1304,11.6258
355.0000,1930.3036,167.7544,57.1813,12.1304,11.6258
355.0000,1933.2983,169.6215,59.5228,12.1304,11.6258
355.0000,1936.2929,171.4842,61.8675,12.1304,11.6258
355.0000,1939.2873,173.3434,64.2148,12.1304,11.6258
355.0000,1942.2820,175.2001,66.5644,12.1304,11.6258
355.0000,1945.2769,177.0552,68.9157,12.1304,11.6258
355.0000,1948.2724,178.9095,71.2683,12.1304,11.6258
355.0000,1951.2687,180.7640,73.6216,12.1304,11.6258
355.0000,1954.2658,182.6196,75.9752,12.1304,11.6258
355.0000,1957.2640,184.4772,78.3287,12.1304,11.6258
355.0000,1960.2635,186.3375,80.6815,12.1304,11.6258
355.0000,1963.2641,188.2000,83.0342,12.1304,11.6258
355.0000,1966.2657,190.0631,85.3876,12.1304,11.6258
364.0000,1969.2680,191.9253,87.7425,12.1760,12.6934
364.0000,1972.2708,193.7853,90.0999,12.1760,12.6934
364.0000,1975.2738,195.6415,92.4605,12.1760,12.6934
364.0000,1978.2768,197.4925,94.8253,12.1760,12.6934
364.0000,1981.2797,199.3369,97.1950,12.1760,12.6934
364.0000,1984.2823,201.1731,99.5706,12.1760,12.6934
364.0000,1987.2843,202.9998,101.9530,12.1760,12.6934
364.0000,1990.2856,204.8154,104.3429,12.1760,12.6934
364.0000,1993.2862,206.6185,106.7412,12.1760,12.6934
364.0000,1996.2858,208.4076,109.1489,12.1760,12.6934
364.0000,1999.2845,210.1813,111.5668,12.1760,12.6934
364.0000,2002.2821,211.9380,113.9957,12.1760,12.6934
364.0000,2005.2787,213.6765,116.4364,12.1760,12.6934
364.0000,2008.2743,215.3951,118.8900,12.1760,12.6934
364.0000,2011.2690,217.0924,121.3572,12.1760,12.6934
364.0000,2014.2628,218.7670,123.8388,12.1760,12.6934
364.0000,2017.2559,220.4175,126.3358,12.1760,12.6934
364.0000,2020.2486,222.0422,128.8490,12.1760,12.6934
364.0000,2023.2410,223.6398,131.3793,12.1760,12.6934
364.0000,2026.2336,225.2089,133.9275,12.1760,12.6934
364.0000,2029.2266,226.7479,136.4945,12.1760,12.6934
364.0000,2032.2205,228.2557,139.0810,12.1760,12.6934
364.0000,2035.2156,229.7348,141.6855,12.1760,12.6934
372.0000,2038.2123,231.1896,144.3054,12.9173,11.7468
372.0000,2041.2106,232.6245,146.9380,12.9173,11.7468
372.0000,2044.2103,234.0439,149.5807,12.9173,11.7468
372.0000,2047.2115,235.4524,152.2308,12.9173,11.7468
372.0000,2050.2139,236.8544,154.8857,12.9173,11.7468
372.0000,2053.2171,238.2543,157.5427,12.9173,11.7468
381.0000,2056.2210,239.6566,160.1993,12.5396,12.9392
381.0000,2059.2254,241.0657,162.8527,12.5396,12.9392
381.0000,2062.2299,242.4861,165.5002,12.5396,12.9392
381.0000,2065.2344,243.9222,168.1393,12.5396,12.9392
381.0000,2068.2390,245.3784,170.7674,12.5396,12.9392
381.0000,2071.2432,246.8521,173.3853,12.5396,12.9392
-392.0000,2074.2463,248.3316,175.9986,12.1866,11.7223
-392.0000,2077.2473,249.8043,178.6135,12.1866,11.7223
-392.0000,2080.2453,251.2575,181.2358,12.1866,11.7223
-392.0000,2083.2398,252.6786,183.8716,12.1866,11.7223
-392.0000,2086.2307,254.0550,186.5269,12.1866,11.7223
-392.0000,2089.2185,255.3743,189.2077,12.1866,11.7223
-392.0000,2092.2048,256.6236,191.9201,12.1866,11.7223
402.0000,2095.1922,257.7905,194.6701,11.1233,12.7816
402.0000,2098.1843,258.8624,197.4636,11.1233,12.7816
402.0000,2101.1864,259.8266,200.3068,11.1233,12.7816
402.0000,2104.2052,260.6703,203.2053,11.1233,12.7816
402.0000,2107.2344,261.3670,206.1533,11.1233,12.7816
402.0000,2110.2517,261.8705,209.1283,11.1233,12.7816
402.0000,2113.2415,262.1333,212.1065,11.1233,12.7816
402.0000,2116.1992,262.1078,215.0641,11.1233,12.7816
413.0000,2119.1348,261.7466,217.9773,12.2027,12.0141
413.0000,2122.0754,261.0026,220.8223,12.2027,12.0141
413.0000,2125.0476,259.8625,223.5671,12.2027,12.0141
413.0000,2128.0512,258.3614,226.1687,12.2027,12.0141
413.0000,2131.0769,256.5378,228.5830,12.2027,12.0141
413.0000,2134.1112,254.4303,230.7662,12.2027,12.0141
424.0000,2137.1403,252.0777,232.6741,11.5941,12.4537
424.0000,2140.1527,249.5187,234.2634,11.5941,12.4537
424.0000,2143.1529,246.7916,235.5141,11.5941,12.4537
424.0000,2146.1558,243.9350,236.4401,11.5941,12.4537
424.0000,2149.1678,240.9871,237.0582,11.5941,12.4537
424.0000,2152.1861,237.9865,237.3848,11.5941,12.4537
424.0000,2155.2017,234.9714,237.4368,11.5941,12.4537
424.0000,2158.2002,231.9799,237.2308,11.5941,12.4537
424.0000,2161.1795,229.0334,236.7901,11.5941,12.4537
424.0000,2164.1543,226.1288,236.1478,11.5941,12.4537
424.0000,2167.1340,223.2614,235.3373,11.5941,12.4537
424.0000,2170.1223,220.4264,234.3924,11.5941,12.4537
424.0000,2173.1182,217.6190,233.3466,11.5941,12.4537
424.0000,2176.1170,214.8345,232.2334,11.5941,12.4537
424.0000,2179.1150,212.0700,231.0735,11.5941,12.4537
424.0000,2182.1122,209.3253,229.8692,11.5941,12.4537
424.0000,2185.1090,206.6007,228.6214,11.5941,12.4537
424.0000,2188.1056,203.8962,227.3311,11.5941,12.4537
424.0000,2191.1021,201.2119,225.9991,11.5941,12.4537
424.0000,2194.0990,198.5480,224.6263,11.5941,12.4537
424.0000,2197.0962,195.9046,223.2136,11.5941,12.4537
424.0000,2200.0939,193.2817,221.7620,11.5941,12.4537
424.0000,2203.0923,190.6796,220.2724,11.5941,12.4537
424.0000,2206.0913,188.0983,218.7456,11.5941,12.4537
424.0000,2209.0911,185.5379,217.1825,11.5941,12.4537
424.0000,2212.0916,182.9986,215.5840,11.5941,12.4537
424.0000,2215.0928,180.4805,213.9512,11.5941,12.4537
424.0000,2218.0947,177.9837,212.2847,11.5941,12.4537
424.0000,2221.0971,175.5083,210.5856,11.5941,12.4537
424.0000,2224.1000,173.0544,208.8548,11.5941,12.4537
424.0000,2227.1032,170.6221,207.0931,11.5941,12.4537
424.0000,2230.1066,168.2116,205.3015,11.5941,12.4537
424.0000,2233.1100,165.8230,203.4809,11.5941,12.4537
424.0000,2236.1132,163.4564,201.6321,11.5941,12.4537
424.0000,2239.1159,161.1119,199.7560,11.5941,12.4537
424.0000,2242.1179,158.7896,197.8536,11.5941,12.4537
424.0000,2245.1189,156.4897,195.9258,11.5941,12.4537
424.0000,2248.1186,154.2122,193.9735,11.5941,12.4537
424.0000,2251.1169,151.9572,191.9975,11.5941,12.4537
424.0000,2254.1139,149.7242,189.9985,11.5941,12.4537
424.0000,2257.1100,147.5127,187.9773,11.5941,12.4537
424.0000,2260.1052,145.3222,185.9344,11.5941,12.4537
424.0000,2263.1000,143.1520,183.8706,11.5941,12.4537
424.0000,2266.0945,141.0018,181.7866,11.5941,12.4537
424.0000,2269.0888,138.8708,179.6830,11.5941,12.4537
424.0000,2272.0831,136.7587,177.5606,11.5941,12.4537
424.0000,2275.0776,134.6648,175.4199,11.5941,12.4537
424.0000,2278.0724,132.5886,173.2616,11.5941,12.4537
424.0000,2281.0675,130.5295,171.0865,11.5941,12.4537
424.0000,2284.0630,128.4871,168.8952,11.5941,12.4537
424.0000,2287.0590,126.4608,166.6885,11.5941,12.4537
424.0000,2290.0555,124.4500,164.4668,11.5941,12.4537
424.0000,2293.0524,122.4543,162.2311,11.5941,12.4537
424.0000,2296.0499,120.4730,159.9818,11.5941,12.4537
424.0000,2299.0477,118.5056,157.7198,11.5941,12.4537
424.0000,2302.0461,116.5516,155.4456,11.5941,12.4537
424.0000,2305.0447,114.6105,153.1600,11.5941,12.4537
424.0000,2308.0437,112.6816,150.8637,11.5941,12.4537
424.0000,2311.0428,110.7645,148.5572,11.5941,12.4537
424.0000,2314.0421,108.8587,146.2413,11.5941,12.4537
424.0000,2317.0413,106.9635,143.9167,11.5941,12.4537
434.0000,2320.0404,105.0785,141.5841,11.0451,12.0235
